{"train_loss": 0.5120439529418945, "train_mae": 10.459537506103516, "epoch": 5, "trainer/global_step": 3320, "_timestamp": 1682812802.6252816, "_runtime": 981.6804704666138, "_step": 71, "val_loss": 0.5670067667961121, "val_mae_epoch": 11.871271133422852, "val_ci_epoch": 0.6829416155815125, "test_mae_epoch": 11.662216186523438, "test_ci_epoch": 0.6987137794494629, "_wandb": {"runtime": 795}}