{"train_loss": 0.4706186056137085, "train_mae": 9.088909149169922, "epoch": 5, "trainer/global_step": 3320, "_timestamp": 1683391092.37917, "_runtime": 781.4332048892975, "_step": 71, "val_loss": 0.568714439868927, "val_mae_epoch": 11.973274230957031, "val_ci_epoch": 0.6795825362205505, "test_mae_epoch": 11.691670417785645, "test_ci_epoch": 0.6948196291923523, "_wandb": {"runtime": 779}}