{"train_loss": 0.4992893636226654, "train_mae": 8.686877250671387, "epoch": 5, "trainer/global_step": 3320, "_timestamp": 1683152110.210916, "_runtime": 946.0429620742798, "_step": 71, "val_loss": 0.5640657544136047, "val_mae_epoch": 11.768328666687012, "val_ci_epoch": 0.6971056461334229, "test_mae_epoch": 11.689923286437988, "test_ci_epoch": 0.7063676714897156, "_wandb": {"runtime": 940}}